2026-03-23_18-58-04,---,draft.go:2026-03-23_18-58-04
2026-03-23_19-09-43,0,draft.go:2026-03-23_19-09-43
2026-03-23_19-09-54,25,draft.go:2026-03-23_19-09-54
2026-03-23_19-11-36,25,draft.go:2026-03-23_19-09-54
2026-03-23_19-11-46,0,draft.go:2026-03-23_19-11-46
2026-03-23_19-16-40,0,draft.go:2026-03-23_19-16-40
2026-03-23_19-18-18,0,draft.go:2026-03-23_19-18-18
2026-03-23_19-23-07,0,draft.go:2026-03-23_19-23-07
2026-03-23_19-23-21,100,draft.go:2026-03-23_19-23-21
2026-03-23_19-23-54,---,draft.go:2026-03-23_19-23-21
2026-03-23_19-27-31,100,draft.go:2026-03-23_19-27-31
